year,revenue_mm,fcf_mm,operating_margin,trace
FY2023A,1658.713,235.27,0.13592345390673372,T005/T007/T009
FY2024A,1829.873,219.554,0.13409455191699096,T005/T007/T009
FY2025A,1868.494,212.07,0.11429365039438179,T005/T007/T009
FY2026E,1999.2885800000001,219.76505678618264,0.128,T016/T017
FY2027E,2139.2387806,253.16760662363458,0.133,T016/T017
FY2028E,2267.593107436,279.9866474467955,0.137,T016/T017
FY2029E,2392.31072834498,306.34616994290474,0.14,T016/T017
FY2030E,2511.926264762229,327.67195788915205,0.142,T016/T017
