scenario,probability,value_per_share,trace
Bear,0.25,32.88503285126818,T023
Base,0.5,44.67274376790456,T024
Bull,0.25,54.08497546557818,T025
Probability-weighted,1.0,44.07887396316387,T026
Current price,,39.62,T001
Blended target,,41.0,T003
