method,value_per_share,weight,trace
DCF,37.88789693384208,0.5,T020
EV/EBITDA,49.21863227548228,0.25,T021
P/E,40.88849183548826,0.25,T022
Blended target,41,1.0,T003
